sample	half	quarter
SAMD00179037	half_2	quarter_3
SAMEA10030499	half_1	quarter_2
SAMEA10030512	half_2	quarter_3
SAMEA10030514	half_2	quarter_4
SAMEA104362228	half_2	quarter_3
SAMEA110037904	half_1	quarter_2
SAMEA110699253	half_1	quarter_2
SAMEA110699257	half_1	quarter_2
SAMEA110699261	half_1	quarter_2
SAMEA110699268	half_1	quarter_1
SAMEA110699283	half_1	quarter_1
SAMEA111556136	half_1	quarter_1
SAMEA1118566	half_2	quarter_4
SAMEA1119639	half_2	quarter_4
SAMEA112181350	half_1	quarter_2
SAMEA112181533	half_2	quarter_4
SAMEA112188679	half_2	quarter_4
SAMEA112188680	half_1	quarter_2
SAMEA112188682	half_1	quarter_2
SAMEA112188702	half_1	quarter_1
SAMEA112188704	half_1	quarter_2
SAMEA112188713	half_1	quarter_2
SAMEA112188720	half_2	quarter_4
SAMEA112188729	half_2	quarter_4
SAMEA112188734	half_1	quarter_2
SAMEA112188740	half_1	quarter_1
SAMEA112188742	half_1	quarter_1
SAMEA112188754	half_2	quarter_3
SAMEA112188791	half_2	quarter_4
SAMEA112188805	half_2	quarter_3
SAMEA112188895	half_1	quarter_2
SAMEA112188905	half_1	quarter_2
SAMEA112188942	half_1	quarter_2
SAMEA112188952	half_2	quarter_4
SAMEA112188957	half_1	quarter_1
SAMEA112188962	half_2	quarter_4
SAMEA112188967	half_2	quarter_4
SAMEA112188968	half_1	quarter_1
SAMEA112188969	half_1	quarter_1
SAMEA112188974	half_2	quarter_3
SAMEA112188977	half_2	quarter_4
SAMEA112188978	half_2	quarter_3
SAMEA112188980	half_1	quarter_2
SAMEA112188982	half_1	quarter_2
SAMEA112189033	half_2	quarter_4
SAMEA112189059	half_2	quarter_3
SAMEA112189060	half_1	quarter_1
SAMEA112189076	half_2	quarter_4
SAMEA112189098	half_1	quarter_1
SAMEA112189099	half_2	quarter_4
SAMEA112189101	half_2	quarter_3
SAMEA112189102	half_2	quarter_4
SAMEA112189104	half_2	quarter_4
SAMEA112189105	half_1	quarter_1
SAMEA112189106	half_1	quarter_2
SAMEA112189107	half_1	quarter_2
SAMEA112189108	half_2	quarter_3
SAMEA112189110	half_2	quarter_4
SAMEA112189111	half_1	quarter_2
SAMEA112189115	half_1	quarter_2
SAMEA112189130	half_1	quarter_2
SAMEA112189131	half_1	quarter_2
SAMEA112189133	half_1	quarter_1
SAMEA112189135	half_2	quarter_4
SAMEA112189144	half_2	quarter_3
SAMEA112189161	half_1	quarter_1
SAMEA112189163	half_1	quarter_1
SAMEA112189166	half_2	quarter_3
SAMEA112804950	half_2	quarter_3
SAMEA112805260	half_1	quarter_2
SAMEA115745008	half_1	quarter_1
SAMEA115879532	half_2	quarter_4
SAMEA115879536	half_1	quarter_1
SAMEA11761226	half_2	quarter_3
SAMEA11761261	half_1	quarter_1
SAMEA11761271	half_2	quarter_3
SAMEA11761285	half_2	quarter_3
SAMEA11761533	half_1	quarter_1
SAMEA13299754	half_1	quarter_2
SAMEA14493242	half_2	quarter_4
SAMEA14493409	half_1	quarter_1
SAMEA1706702	half_2	quarter_4
SAMEA1877078	half_2	quarter_3
SAMEA1877193	half_2	quarter_4
SAMEA1877219	half_1	quarter_2
SAMEA1877274	half_1	quarter_1
SAMEA1877284	half_1	quarter_2
SAMEA1968680	half_2	quarter_4
SAMEA1969703	half_1	quarter_1
SAMEA2142803	half_1	quarter_1
SAMEA2145510	half_1	quarter_1
SAMEA2146833	half_1	quarter_1
SAMEA2150396	half_2	quarter_3
SAMEA2151129	half_1	quarter_2
SAMEA2151617	half_1	quarter_1
SAMEA2152013	half_2	quarter_3
SAMEA2156559	half_1	quarter_1
SAMEA2158449	half_2	quarter_3
SAMEA2158843	half_2	quarter_4
SAMEA2159252	half_1	quarter_1
SAMEA2162283	half_1	quarter_2
SAMEA2297007	half_2	quarter_4
SAMEA3392614	half_2	quarter_3
SAMEA3392671	half_1	quarter_2
SAMEA3402469	half_1	quarter_2
SAMEA3403355	half_1	quarter_1
SAMEA3403843	half_1	quarter_1
SAMEA3414200	half_2	quarter_4
SAMEA3414459	half_2	quarter_4
SAMEA3421123	half_2	quarter_3
SAMEA3421166	half_2	quarter_4
SAMEA3430669	half_2	quarter_4
SAMEA3430691	half_2	quarter_4
SAMEA3432962	half_1	quarter_2
SAMEA3437035	half_2	quarter_4
SAMEA3442604	half_1	quarter_2
SAMEA3443157	half_2	quarter_4
SAMEA3443174	half_2	quarter_4
SAMEA3443360	half_1	quarter_2
SAMEA3444040	half_2	quarter_4
SAMEA3696304	half_1	quarter_1
SAMEA3696305	half_1	quarter_2
SAMEA4772837	half_1	quarter_2
SAMEA5974835	half_1	quarter_2
SAMEA6617279	half_1	quarter_2
SAMEA6617301	half_2	quarter_4
SAMEA6617408	half_2	quarter_3
SAMEA6655887	half_1	quarter_2
SAMEA6655888	half_2	quarter_3
SAMEA6655890	half_2	quarter_3
SAMEA6655897	half_2	quarter_3
SAMEA6655899	half_1	quarter_1
SAMEA6655900	half_1	quarter_2
SAMEA6655902	half_1	quarter_1
SAMEA7541542	half_1	quarter_2
SAMEA7560231	half_2	quarter_4
SAMEA7665562	half_2	quarter_4
SAMEA7665566	half_2	quarter_4
SAMEA7665567	half_2	quarter_4
SAMEA838000	half_1	quarter_1
SAMEA838028	half_2	quarter_4
SAMEA838042	half_2	quarter_3
SAMEA838044	half_2	quarter_4
SAMEA8718537	half_2	quarter_3
SAMEA8718973	half_1	quarter_2
SAMEA8718988	half_1	quarter_2
SAMEA8718999	half_1	quarter_1
SAMEA8719008	half_1	quarter_1
SAMEA8719024	half_2	quarter_4
SAMEA8719193	half_2	quarter_3
SAMEA8719243	half_2	quarter_4
SAMEA8741898	half_1	quarter_1
SAMEA8742018	half_2	quarter_3
SAMEA8742035	half_2	quarter_3
SAMEA8742054	half_1	quarter_2
SAMEA8742055	half_2	quarter_3
SAMEA8742056	half_1	quarter_2
SAMEA8742057	half_1	quarter_1
SAMEA8742063	half_1	quarter_1
SAMEA8742120	half_1	quarter_1
SAMEA8742123	half_2	quarter_3
SAMEA8742138	half_2	quarter_4
SAMEA8742148	half_1	quarter_2
SAMEA9070366	half_2	quarter_3
SAMEA919852	half_2	quarter_3
SAMEA919886	half_1	quarter_2
SAMEA919898	half_2	quarter_4
SAMEA95415418	half_1	quarter_2
SAMEA95435668	half_1	quarter_2
SAMEA95437168	half_1	quarter_1
SAMEA95440168	half_1	quarter_1
SAMEA95494918	half_1	quarter_2
SAMEA95502418	half_2	quarter_4
SAMEA95508418	half_1	quarter_1
SAMEA95514418	half_2	quarter_4
SAMEA95520418	half_1	quarter_1
SAMEA968118	half_2	quarter_4
SAMEA968152	half_1	quarter_1
SAMN02339316	half_1	quarter_1
SAMN02843204	half_1	quarter_1
SAMN05328080	half_1	quarter_2
SAMN06920044	half_2	quarter_4
SAMN07236512	half_1	quarter_1
SAMN07236540	half_2	quarter_4
SAMN07411206	half_2	quarter_3
SAMN07999044	half_2	quarter_4
SAMN07999046	half_2	quarter_4
SAMN07999066	half_1	quarter_1
SAMN07999082	half_1	quarter_1
SAMN07999095	half_2	quarter_4
SAMN07999102	half_2	quarter_3
SAMN08376123	half_2	quarter_3
SAMN08376143	half_2	quarter_3
SAMN08376161	half_2	quarter_4
SAMN08376187	half_2	quarter_4
SAMN08376204	half_2	quarter_3
SAMN08376206	half_2	quarter_3
SAMN08376230	half_2	quarter_3
SAMN08376264	half_1	quarter_2
SAMN08376356	half_1	quarter_2
SAMN08376365	half_1	quarter_2
SAMN08376376	half_2	quarter_3
SAMN08626335	half_2	quarter_3
SAMN12565785	half_1	quarter_1
SAMN13567934	half_1	quarter_1
SAMN13568047	half_2	quarter_4
SAMN13568497	half_1	quarter_1
SAMN13813898	half_2	quarter_3
SAMN13813925	half_1	quarter_1
SAMN13813926	half_1	quarter_1
SAMN13813997	half_1	quarter_2
SAMN13814032	half_1	quarter_2
SAMN15348068	half_1	quarter_1
SAMN15348075	half_1	quarter_2
SAMN15348076	half_2	quarter_4
SAMN15348078	half_1	quarter_1
SAMN15348097	half_2	quarter_4
SAMN15348102	half_2	quarter_3
SAMN15348103	half_1	quarter_1
SAMN15348114	half_1	quarter_2
SAMN15348119	half_2	quarter_3
SAMN15348129	half_2	quarter_3
SAMN15348135	half_1	quarter_2
SAMN19657332	half_1	quarter_1
SAMN19657542	half_1	quarter_1
SAMN19687840	half_1	quarter_1
SAMN19688021	half_1	quarter_2
SAMN19688078	half_2	quarter_3
SAMN19688183	half_1	quarter_2
SAMN19688210	half_2	quarter_4
SAMN19688616	half_2	quarter_3
SAMN19688633	half_2	quarter_3
SAMN21978412	half_2	quarter_4
SAMN21978419	half_2	quarter_3
SAMN21978420	half_2	quarter_3
SAMN21978453	half_2	quarter_4
SAMN21978454	half_2	quarter_4
SAMN21978455	half_1	quarter_1
SAMN21978490	half_1	quarter_1
SAMN21978509	half_1	quarter_1
SAMN21983404	half_1	quarter_2
SAMN21983417	half_1	quarter_1
SAMN21983442	half_1	quarter_2
SAMN21983450	half_2	quarter_3
SAMN21983458	half_1	quarter_2
SAMN21983459	half_1	quarter_2
SAMN21983465	half_2	quarter_3
SAMN21983471	half_1	quarter_1
SAMN21983486	half_2	quarter_3
SAMN21983504	half_1	quarter_2
SAMN21983507	half_2	quarter_3
SAMN21983534	half_2	quarter_3
SAMN21983540	half_1	quarter_2
SAMN21983556	half_1	quarter_1
SAMN30157855	half_1	quarter_2
SAMN30157862	half_2	quarter_3
SAMN30157871	half_2	quarter_3
SAMN30157874	half_1	quarter_2
SAMN30157943	half_2	quarter_4
SAMN30157972	half_2	quarter_3
SAMN30158029	half_1	quarter_2
SAMN30158043	half_2	quarter_3
SAMN30158069	half_1	quarter_1
SAMN30158095	half_2	quarter_3
SAMN30158124	half_1	quarter_1
SAMN30158137	half_2	quarter_3
SAMN30158142	half_1	quarter_2
SAMN30158186	half_2	quarter_3
SAMN30158187	half_2	quarter_3
SAMN30294517	half_1	quarter_1
SAMN30294519	half_2	quarter_3
SAMN30543242	half_1	quarter_1
SAMN30543246	half_1	quarter_2
SAMN30543502	half_2	quarter_4
SAMN30543511	half_2	quarter_4
SAMN30543512	half_1	quarter_2
SAMN30543514	half_1	quarter_2
SAMN30543884	half_2	quarter_3
SAMN30543887	half_2	quarter_3
SAMN30543890	half_2	quarter_4
SAMN33010901	half_1	quarter_1
SAMN33010935	half_1	quarter_2
SAMN33010964	half_2	quarter_4
SAMN33010984	half_1	quarter_1
SAMN36834257	half_1	quarter_2
SAMN36834265	half_2	quarter_4
SAMN36834268	half_1	quarter_2
SAMN36834336	half_2	quarter_4
SAMN36834394	half_1	quarter_1
SAMN36834460	half_2	quarter_4
SAMN36834468	half_1	quarter_2
SAMN36834474	half_2	quarter_3
SAMN36834492	half_2	quarter_3
SAMN36834505	half_1	quarter_1
SAMN36834507	half_2	quarter_3
SAMN36834513	half_2	quarter_4
SAMN36834514	half_2	quarter_3
SAMN36834515	half_2	quarter_3
SAMN36834519	half_2	quarter_3
SAMN36834530	half_1	quarter_1
SAMN36834626	half_1	quarter_2
SAMN36834662	half_2	quarter_4
SAMN36834691	half_2	quarter_4
SAMN36834748	half_2	quarter_3
SAMN36834836	half_2	quarter_3
SAMN36834942	half_1	quarter_1
SAMN36834957	half_1	quarter_1
SAMN36835172	half_1	quarter_1
SAMN36835176	half_2	quarter_4
SAMN36835179	half_1	quarter_2
SAMN36835181	half_1	quarter_2
SAMN36835196	half_1	quarter_1
SAMN36835208	half_2	quarter_4
SAMN36835211	half_1	quarter_1
SAMN36835218	half_1	quarter_2
SAMN36849582	half_1	quarter_1
SAMN36849596	half_1	quarter_1
SAMN36849606	half_1	quarter_2
SAMN36849629	half_2	quarter_4
SAMN36849640	half_2	quarter_3
SAMN36849806	half_2	quarter_3
SAMN36849838	half_1	quarter_1
SAMN36849846	half_1	quarter_1
SAMN36849917	half_2	quarter_4
SAMN36849943	half_1	quarter_1
SAMN36850027	half_2	quarter_3
SAMN37124249	half_2	quarter_4
SAMN37457517	half_2	quarter_4
SAMN41421906	half_2	quarter_3
SAMN41421968	half_1	quarter_1
SAMN41467983	half_2	quarter_3
SAMN41468107	half_1	quarter_2
SAMN41468275	half_2	quarter_3
SAMN41468289	half_2	quarter_3
SAMN41468669	half_2	quarter_4
SAMN41468730	half_2	quarter_3
SAMN41468856	half_2	quarter_4
SAMN41468875	half_1	quarter_2
SAMN41468931	half_2	quarter_4
SAMN41471520	half_2	quarter_4
SAMN41471524	half_2	quarter_4
SAMN41471580	half_1	quarter_1
SAMN41471646	half_2	quarter_4
SAMN41471675	half_2	quarter_4
SAMN41471696	half_2	quarter_3
SAMN41471705	half_1	quarter_2
SAMN41471818	half_2	quarter_4
SAMN41725783	half_1	quarter_2
SAMN41725847	half_2	quarter_3
SAMN41725930	half_1	quarter_2
SAMN42207684	half_1	quarter_2
